id,name,no_ep
1,Rick Sanchez,"['https://rickandmortyapi.com/api/episode/1', 'https://rickandmortyapi.com/api/episode/2', 'https://rickandmortyapi.com/api/episode/3', 'https://rickandmortyapi.com/api/episode/4', 'https://rickandmortyapi.com/api/episode/5', 'https://rickandmortyapi.com/api/episode/6', 'https://rickandmortyapi.com/api/episode/7', 'https://rickandmortyapi.com/api/episode/8', 'https://rickandmortyapi.com/api/episode/9', 'https://rickandmortyapi.com/api/episode/10', 'https://rickandmortyapi.com/api/episode/11', 'https://rickandmortyapi.com/api/episode/12', 'https://rickandmortyapi.com/api/episode/13', 'https://rickandmortyapi.com/api/episode/14', 'https://rickandmortyapi.com/api/episode/15', 'https://rickandmortyapi.com/api/episode/16', 'https://rickandmortyapi.com/api/episode/17', 'https://rickandmortyapi.com/api/episode/18', 'https://rickandmortyapi.com/api/episode/19', 'https://rickandmortyapi.com/api/episode/20', 'https://rickandmortyapi.com/api/episode/21', 'https://rickandmortyapi.com/api/episode/22', 'https://rickandmortyapi.com/api/episode/23', 'https://rickandmortyapi.com/api/episode/24', 'https://rickandmortyapi.com/api/episode/25', 'https://rickandmortyapi.com/api/episode/26', 'https://rickandmortyapi.com/api/episode/27', 'https://rickandmortyapi.com/api/episode/28', 'https://rickandmortyapi.com/api/episode/29', 'https://rickandmortyapi.com/api/episode/30', 'https://rickandmortyapi.com/api/episode/31', 'https://rickandmortyapi.com/api/episode/32', 'https://rickandmortyapi.com/api/episode/33', 'https://rickandmortyapi.com/api/episode/34', 'https://rickandmortyapi.com/api/episode/35', 'https://rickandmortyapi.com/api/episode/36', 'https://rickandmortyapi.com/api/episode/37', 'https://rickandmortyapi.com/api/episode/38', 'https://rickandmortyapi.com/api/episode/39', 'https://rickandmortyapi.com/api/episode/40', 'https://rickandmortyapi.com/api/episode/41', 'https://rickandmortyapi.com/api/episode/42', 'https://rickandmortyapi.com/api/episode/43', 'https://rickandmortyapi.com/api/episode/44', 'https://rickandmortyapi.com/api/episode/45', 'https://rickandmortyapi.com/api/episode/46', 'https://rickandmortyapi.com/api/episode/47', 'https://rickandmortyapi.com/api/episode/48', 'https://rickandmortyapi.com/api/episode/49', 'https://rickandmortyapi.com/api/episode/50', 'https://rickandmortyapi.com/api/episode/51']"
2,Morty Smith,"['https://rickandmortyapi.com/api/episode/1', 'https://rickandmortyapi.com/api/episode/2', 'https://rickandmortyapi.com/api/episode/3', 'https://rickandmortyapi.com/api/episode/4', 'https://rickandmortyapi.com/api/episode/5', 'https://rickandmortyapi.com/api/episode/6', 'https://rickandmortyapi.com/api/episode/7', 'https://rickandmortyapi.com/api/episode/8', 'https://rickandmortyapi.com/api/episode/9', 'https://rickandmortyapi.com/api/episode/10', 'https://rickandmortyapi.com/api/episode/11', 'https://rickandmortyapi.com/api/episode/12', 'https://rickandmortyapi.com/api/episode/13', 'https://rickandmortyapi.com/api/episode/14', 'https://rickandmortyapi.com/api/episode/15', 'https://rickandmortyapi.com/api/episode/16', 'https://rickandmortyapi.com/api/episode/17', 'https://rickandmortyapi.com/api/episode/18', 'https://rickandmortyapi.com/api/episode/19', 'https://rickandmortyapi.com/api/episode/20', 'https://rickandmortyapi.com/api/episode/21', 'https://rickandmortyapi.com/api/episode/22', 'https://rickandmortyapi.com/api/episode/23', 'https://rickandmortyapi.com/api/episode/24', 'https://rickandmortyapi.com/api/episode/25', 'https://rickandmortyapi.com/api/episode/26', 'https://rickandmortyapi.com/api/episode/27', 'https://rickandmortyapi.com/api/episode/28', 'https://rickandmortyapi.com/api/episode/29', 'https://rickandmortyapi.com/api/episode/30', 'https://rickandmortyapi.com/api/episode/31', 'https://rickandmortyapi.com/api/episode/32', 'https://rickandmortyapi.com/api/episode/33', 'https://rickandmortyapi.com/api/episode/34', 'https://rickandmortyapi.com/api/episode/35', 'https://rickandmortyapi.com/api/episode/36', 'https://rickandmortyapi.com/api/episode/37', 'https://rickandmortyapi.com/api/episode/38', 'https://rickandmortyapi.com/api/episode/39', 'https://rickandmortyapi.com/api/episode/40', 'https://rickandmortyapi.com/api/episode/41', 'https://rickandmortyapi.com/api/episode/42', 'https://rickandmortyapi.com/api/episode/43', 'https://rickandmortyapi.com/api/episode/44', 'https://rickandmortyapi.com/api/episode/45', 'https://rickandmortyapi.com/api/episode/46', 'https://rickandmortyapi.com/api/episode/47', 'https://rickandmortyapi.com/api/episode/48', 'https://rickandmortyapi.com/api/episode/49', 'https://rickandmortyapi.com/api/episode/50', 'https://rickandmortyapi.com/api/episode/51']"
3,Summer Smith,"['https://rickandmortyapi.com/api/episode/6', 'https://rickandmortyapi.com/api/episode/7', 'https://rickandmortyapi.com/api/episode/8', 'https://rickandmortyapi.com/api/episode/9', 'https://rickandmortyapi.com/api/episode/10', 'https://rickandmortyapi.com/api/episode/11', 'https://rickandmortyapi.com/api/episode/12', 'https://rickandmortyapi.com/api/episode/14', 'https://rickandmortyapi.com/api/episode/15', 'https://rickandmortyapi.com/api/episode/16', 'https://rickandmortyapi.com/api/episode/17', 'https://rickandmortyapi.com/api/episode/18', 'https://rickandmortyapi.com/api/episode/19', 'https://rickandmortyapi.com/api/episode/20', 'https://rickandmortyapi.com/api/episode/21', 'https://rickandmortyapi.com/api/episode/22', 'https://rickandmortyapi.com/api/episode/23', 'https://rickandmortyapi.com/api/episode/24', 'https://rickandmortyapi.com/api/episode/25', 'https://rickandmortyapi.com/api/episode/26', 'https://rickandmortyapi.com/api/episode/27', 'https://rickandmortyapi.com/api/episode/29', 'https://rickandmortyapi.com/api/episode/30', 'https://rickandmortyapi.com/api/episode/31', 'https://rickandmortyapi.com/api/episode/32', 'https://rickandmortyapi.com/api/episode/33', 'https://rickandmortyapi.com/api/episode/34', 'https://rickandmortyapi.com/api/episode/35', 'https://rickandmortyapi.com/api/episode/36', 'https://rickandmortyapi.com/api/episode/38', 'https://rickandmortyapi.com/api/episode/39', 'https://rickandmortyapi.com/api/episode/40', 'https://rickandmortyapi.com/api/episode/41', 'https://rickandmortyapi.com/api/episode/42', 'https://rickandmortyapi.com/api/episode/43', 'https://rickandmortyapi.com/api/episode/44', 'https://rickandmortyapi.com/api/episode/45', 'https://rickandmortyapi.com/api/episode/46', 'https://rickandmortyapi.com/api/episode/47', 'https://rickandmortyapi.com/api/episode/48', 'https://rickandmortyapi.com/api/episode/49', 'https://rickandmortyapi.com/api/episode/51']"
4,Beth Smith,"['https://rickandmortyapi.com/api/episode/6', 'https://rickandmortyapi.com/api/episode/7', 'https://rickandmortyapi.com/api/episode/8', 'https://rickandmortyapi.com/api/episode/9', 'https://rickandmortyapi.com/api/episode/10', 'https://rickandmortyapi.com/api/episode/11', 'https://rickandmortyapi.com/api/episode/12', 'https://rickandmortyapi.com/api/episode/14', 'https://rickandmortyapi.com/api/episode/15', 'https://rickandmortyapi.com/api/episode/16', 'https://rickandmortyapi.com/api/episode/18', 'https://rickandmortyapi.com/api/episode/19', 'https://rickandmortyapi.com/api/episode/20', 'https://rickandmortyapi.com/api/episode/21', 'https://rickandmortyapi.com/api/episode/22', 'https://rickandmortyapi.com/api/episode/23', 'https://rickandmortyapi.com/api/episode/24', 'https://rickandmortyapi.com/api/episode/25', 'https://rickandmortyapi.com/api/episode/26', 'https://rickandmortyapi.com/api/episode/27', 'https://rickandmortyapi.com/api/episode/28', 'https://rickandmortyapi.com/api/episode/29', 'https://rickandmortyapi.com/api/episode/30', 'https://rickandmortyapi.com/api/episode/31', 'https://rickandmortyapi.com/api/episode/32', 'https://rickandmortyapi.com/api/episode/33', 'https://rickandmortyapi.com/api/episode/34', 'https://rickandmortyapi.com/api/episode/35', 'https://rickandmortyapi.com/api/episode/36', 'https://rickandmortyapi.com/api/episode/38', 'https://rickandmortyapi.com/api/episode/39', 'https://rickandmortyapi.com/api/episode/40', 'https://rickandmortyapi.com/api/episode/41', 'https://rickandmortyapi.com/api/episode/42', 'https://rickandmortyapi.com/api/episode/43', 'https://rickandmortyapi.com/api/episode/44', 'https://rickandmortyapi.com/api/episode/45', 'https://rickandmortyapi.com/api/episode/46', 'https://rickandmortyapi.com/api/episode/47', 'https://rickandmortyapi.com/api/episode/48', 'https://rickandmortyapi.com/api/episode/49', 'https://rickandmortyapi.com/api/episode/51']"
5,Jerry Smith,"['https://rickandmortyapi.com/api/episode/6', 'https://rickandmortyapi.com/api/episode/7', 'https://rickandmortyapi.com/api/episode/8', 'https://rickandmortyapi.com/api/episode/9', 'https://rickandmortyapi.com/api/episode/10', 'https://rickandmortyapi.com/api/episode/11', 'https://rickandmortyapi.com/api/episode/12', 'https://rickandmortyapi.com/api/episode/13', 'https://rickandmortyapi.com/api/episode/14', 'https://rickandmortyapi.com/api/episode/15', 'https://rickandmortyapi.com/api/episode/16', 'https://rickandmortyapi.com/api/episode/18', 'https://rickandmortyapi.com/api/episode/19', 'https://rickandmortyapi.com/api/episode/20', 'https://rickandmortyapi.com/api/episode/21', 'https://rickandmortyapi.com/api/episode/22', 'https://rickandmortyapi.com/api/episode/23', 'https://rickandmortyapi.com/api/episode/26', 'https://rickandmortyapi.com/api/episode/29', 'https://rickandmortyapi.com/api/episode/30', 'https://rickandmortyapi.com/api/episode/31', 'https://rickandmortyapi.com/api/episode/32', 'https://rickandmortyapi.com/api/episode/33', 'https://rickandmortyapi.com/api/episode/35', 'https://rickandmortyapi.com/api/episode/36', 'https://rickandmortyapi.com/api/episode/38', 'https://rickandmortyapi.com/api/episode/39', 'https://rickandmortyapi.com/api/episode/40', 'https://rickandmortyapi.com/api/episode/41', 'https://rickandmortyapi.com/api/episode/42', 'https://rickandmortyapi.com/api/episode/43', 'https://rickandmortyapi.com/api/episode/44', 'https://rickandmortyapi.com/api/episode/45', 'https://rickandmortyapi.com/api/episode/46', 'https://rickandmortyapi.com/api/episode/47', 'https://rickandmortyapi.com/api/episode/48', 'https://rickandmortyapi.com/api/episode/49', 'https://rickandmortyapi.com/api/episode/50', 'https://rickandmortyapi.com/api/episode/51']"
6,Abadango Cluster Princess,['https://rickandmortyapi.com/api/episode/27']
7,Abradolf Lincler,"['https://rickandmortyapi.com/api/episode/10', 'https://rickandmortyapi.com/api/episode/11']"
8,Adjudicator Rick,['https://rickandmortyapi.com/api/episode/28']
9,Agency Director,['https://rickandmortyapi.com/api/episode/24']
10,Alan Rails,['https://rickandmortyapi.com/api/episode/25']
11,Albert Einstein,['https://rickandmortyapi.com/api/episode/12']
12,Alexander,['https://rickandmortyapi.com/api/episode/3']
13,Alien Googah,['https://rickandmortyapi.com/api/episode/31']
14,Alien Morty,['https://rickandmortyapi.com/api/episode/10']
15,Alien Rick,['https://rickandmortyapi.com/api/episode/10']
16,Amish Cyborg,['https://rickandmortyapi.com/api/episode/15']
17,Annie,['https://rickandmortyapi.com/api/episode/3']
18,Antenna Morty,"['https://rickandmortyapi.com/api/episode/10', 'https://rickandmortyapi.com/api/episode/28']"
19,Antenna Rick,['https://rickandmortyapi.com/api/episode/10']
20,Ants in my Eyes Johnson,['https://rickandmortyapi.com/api/episode/8']
21,Aqua Morty,"['https://rickandmortyapi.com/api/episode/10', 'https://rickandmortyapi.com/api/episode/22']"
22,Aqua Rick,"['https://rickandmortyapi.com/api/episode/10', 'https://rickandmortyapi.com/api/episode/22', 'https://rickandmortyapi.com/api/episode/28']"
23,Arcade Alien,"['https://rickandmortyapi.com/api/episode/13', 'https://rickandmortyapi.com/api/episode/19', 'https://rickandmortyapi.com/api/episode/21', 'https://rickandmortyapi.com/api/episode/25', 'https://rickandmortyapi.com/api/episode/26']"
24,Armagheadon,['https://rickandmortyapi.com/api/episode/16']
25,Armothy,['https://rickandmortyapi.com/api/episode/23']
26,Arthricia,['https://rickandmortyapi.com/api/episode/20']
27,Artist Morty,"['https://rickandmortyapi.com/api/episode/10', 'https://rickandmortyapi.com/api/episode/28']"
28,Attila Starwar,"['https://rickandmortyapi.com/api/episode/8', 'https://rickandmortyapi.com/api/episode/13', 'https://rickandmortyapi.com/api/episode/17']"
29,Baby Legs,['https://rickandmortyapi.com/api/episode/8']
30,Baby Poopybutthole,['https://rickandmortyapi.com/api/episode/31']
31,Baby Wizard,['https://rickandmortyapi.com/api/episode/15']
32,Bearded Lady,['https://rickandmortyapi.com/api/episode/15']
33,Beebo,['https://rickandmortyapi.com/api/episode/29']
34,Benjamin,"['https://rickandmortyapi.com/api/episode/8', 'https://rickandmortyapi.com/api/episode/13', 'https://rickandmortyapi.com/api/episode/17']"
35,Bepisian,"['https://rickandmortyapi.com/api/episode/1', 'https://rickandmortyapi.com/api/episode/11', 'https://rickandmortyapi.com/api/episode/19', 'https://rickandmortyapi.com/api/episode/25']"
36,Beta-Seven,['https://rickandmortyapi.com/api/episode/14']
37,Beth Sanchez,['https://rickandmortyapi.com/api/episode/8']
38,Beth Smith,"['https://rickandmortyapi.com/api/episode/1', 'https://rickandmortyapi.com/api/episode/2', 'https://rickandmortyapi.com/api/episode/3', 'https://rickandmortyapi.com/api/episode/4', 'https://rickandmortyapi.com/api/episode/5', 'https://rickandmortyapi.com/api/episode/6', 'https://rickandmortyapi.com/api/episode/22', 'https://rickandmortyapi.com/api/episode/51']"
39,Beth Smith,['https://rickandmortyapi.com/api/episode/10']
40,Beth's Mytholog,['https://rickandmortyapi.com/api/episode/18']
41,Big Boobed Waitress,['https://rickandmortyapi.com/api/episode/5']
42,Big Head Morty,['https://rickandmortyapi.com/api/episode/22']
43,Big Morty,['https://rickandmortyapi.com/api/episode/28']
44,Body Guard Morty,['https://rickandmortyapi.com/api/episode/28']
45,Bill,['https://rickandmortyapi.com/api/episode/3']
46,Bill,['https://rickandmortyapi.com/api/episode/2']
47,Birdperson,"['https://rickandmortyapi.com/api/episode/11', 'https://rickandmortyapi.com/api/episode/16', 'https://rickandmortyapi.com/api/episode/21', 'https://rickandmortyapi.com/api/episode/22', 'https://rickandmortyapi.com/api/episode/26', 'https://rickandmortyapi.com/api/episode/49', 'https://rickandmortyapi.com/api/episode/51']"
48,Black Rick,"['https://rickandmortyapi.com/api/episode/22', 'https://rickandmortyapi.com/api/episode/28']"
49,Blamph,['https://rickandmortyapi.com/api/episode/19']
50,Blim Blam,['https://rickandmortyapi.com/api/episode/14']
51,Blue Diplomat,['https://rickandmortyapi.com/api/episode/19']
52,Blue Footprint Guy,['https://rickandmortyapi.com/api/episode/23']
53,Blue Shirt Morty,['https://rickandmortyapi.com/api/episode/10']
54,Bobby Moynihan,['https://rickandmortyapi.com/api/episode/8']
55,Boobloosian,"['https://rickandmortyapi.com/api/episode/18', 'https://rickandmortyapi.com/api/episode/21']"
56,Bootleg Portal Chemist Rick,['https://rickandmortyapi.com/api/episode/28']
57,Borpocian,['https://rickandmortyapi.com/api/episode/22']
58,Brad,"['https://rickandmortyapi.com/api/episode/6', 'https://rickandmortyapi.com/api/episode/11', 'https://rickandmortyapi.com/api/episode/30', 'https://rickandmortyapi.com/api/episode/46']"
59,Brad Anderson,['https://rickandmortyapi.com/api/episode/7']
60,Calypso,['https://rickandmortyapi.com/api/episode/25']
61,Campaign Manager Morty,['https://rickandmortyapi.com/api/episode/28']
62,Canklanker Thom,['https://rickandmortyapi.com/api/episode/1']
63,Centaur,['https://rickandmortyapi.com/api/episode/2']
64,Chris,['https://rickandmortyapi.com/api/episode/12']
65,Chris,['https://rickandmortyapi.com/api/episode/17']
66,Coach Feratu (Balik Alistane),['https://rickandmortyapi.com/api/episode/18']
67,Collector,['https://rickandmortyapi.com/api/episode/29']
68,Colossus,['https://rickandmortyapi.com/api/episode/23']
69,Commander Rick,['https://rickandmortyapi.com/api/episode/22']
70,Concerto,['https://rickandmortyapi.com/api/episode/24']
71,Conroy,['https://rickandmortyapi.com/api/episode/22']
72,Cool Rick,['https://rickandmortyapi.com/api/episode/28']
73,Cop Morty,['https://rickandmortyapi.com/api/episode/28']
74,Cop Rick,['https://rickandmortyapi.com/api/episode/28']
75,Courier Flap,['https://rickandmortyapi.com/api/episode/21']
76,Cousin Nicky,['https://rickandmortyapi.com/api/episode/15']
77,Cowboy Morty,['https://rickandmortyapi.com/api/episode/10']
78,Cowboy Rick,"['https://rickandmortyapi.com/api/episode/10', 'https://rickandmortyapi.com/api/episode/28']"
79,Crab Spider,['https://rickandmortyapi.com/api/episode/10']
80,Creepy Little Girl,['https://rickandmortyapi.com/api/episode/2']
81,Crocubot,['https://rickandmortyapi.com/api/episode/25']
82,Cronenberg Rick,"['https://rickandmortyapi.com/api/episode/6', 'https://rickandmortyapi.com/api/episode/10']"
83,Cronenberg Morty,"['https://rickandmortyapi.com/api/episode/6', 'https://rickandmortyapi.com/api/episode/10']"
84,Cult Leader Morty,['https://rickandmortyapi.com/api/episode/10']
85,Cyclops Morty,"['https://rickandmortyapi.com/api/episode/10', 'https://rickandmortyapi.com/api/episode/28']"
86,Cyclops Rick,"['https://rickandmortyapi.com/api/episode/10', 'https://rickandmortyapi.com/api/episode/22', 'https://rickandmortyapi.com/api/episode/28']"
87,Cynthia,['https://rickandmortyapi.com/api/episode/4']
88,Cynthia,"['https://rickandmortyapi.com/api/episode/8', 'https://rickandmortyapi.com/api/episode/9', 'https://rickandmortyapi.com/api/episode/11', 'https://rickandmortyapi.com/api/episode/25']"
89,Dale,['https://rickandmortyapi.com/api/episode/5']
90,Daron Jefferson,['https://rickandmortyapi.com/api/episode/14']
91,David Letterman,['https://rickandmortyapi.com/api/episode/8']
92,Davin,"['https://rickandmortyapi.com/api/episode/1', 'https://rickandmortyapi.com/api/episode/6']"
93,Diablo Verde,['https://rickandmortyapi.com/api/episode/25']
94,Diane Sanchez,"['https://rickandmortyapi.com/api/episode/22', 'https://rickandmortyapi.com/api/episode/51']"
95,Dipper and Mabel Mortys,['https://rickandmortyapi.com/api/episode/22']
96,Tuberculosis,['https://rickandmortyapi.com/api/episode/3']
97,Gonorrhea,['https://rickandmortyapi.com/api/episode/3']
98,Hepatitis A,['https://rickandmortyapi.com/api/episode/3']
99,Hepatitis C,['https://rickandmortyapi.com/api/episode/3']
100,Bubonic Plague,['https://rickandmortyapi.com/api/episode/3']
101,E. Coli,['https://rickandmortyapi.com/api/episode/3']
102,Donna Gueterman,['https://rickandmortyapi.com/api/episode/21']
103,Doofus Rick,"['https://rickandmortyapi.com/api/episode/10', 'https://rickandmortyapi.com/api/episode/22']"
104,Doom-Nomitron,['https://rickandmortyapi.com/api/episode/25']
105,Dr. Glip-Glop,['https://rickandmortyapi.com/api/episode/19']
106,Dr. Schmidt,['https://rickandmortyapi.com/api/episode/13']
107,Dr. Wong,"['https://rickandmortyapi.com/api/episode/24', 'https://rickandmortyapi.com/api/episode/41']"
108,Dr. Xenon Bloom,['https://rickandmortyapi.com/api/episode/3']
109,Duck With Muscles,['https://rickandmortyapi.com/api/episode/15']
110,Eli,['https://rickandmortyapi.com/api/episode/23']
111,Eli's Girlfriend,['https://rickandmortyapi.com/api/episode/23']
112,Eric McMan,['https://rickandmortyapi.com/api/episode/3']
113,Eric Stoltz Mask Morty,['https://rickandmortyapi.com/api/episode/10']
114,Ethan,['https://rickandmortyapi.com/api/episode/3']
115,Ethan,"['https://rickandmortyapi.com/api/episode/16', 'https://rickandmortyapi.com/api/episode/26']"
116,Evil Beth Clone,['https://rickandmortyapi.com/api/episode/5']
117,Evil Jerry Clone,['https://rickandmortyapi.com/api/episode/5']
118,Evil Morty,"['https://rickandmortyapi.com/api/episode/10', 'https://rickandmortyapi.com/api/episode/28', 'https://rickandmortyapi.com/api/episode/51']"
119,Evil Rick,['https://rickandmortyapi.com/api/episode/10']
120,Evil Summer Clone,['https://rickandmortyapi.com/api/episode/5']
121,Eyehole Man,['https://rickandmortyapi.com/api/episode/19']
122,Fart,['https://rickandmortyapi.com/api/episode/13']
123,Fat Morty,['https://rickandmortyapi.com/api/episode/28']
124,Father Bob,"['https://rickandmortyapi.com/api/episode/16', 'https://rickandmortyapi.com/api/episode/27']"
125,Flansian,"['https://rickandmortyapi.com/api/episode/18', 'https://rickandmortyapi.com/api/episode/21', 'https://rickandmortyapi.com/api/episode/25']"
126,Fleeb,['https://rickandmortyapi.com/api/episode/19']
127,Frank Palicky,['https://rickandmortyapi.com/api/episode/1']
128,Frankenstein's Monster,['https://rickandmortyapi.com/api/episode/15']
129,Fulgora,"['https://rickandmortyapi.com/api/episode/8', 'https://rickandmortyapi.com/api/episode/13', 'https://rickandmortyapi.com/api/episode/17']"
130,Galactic Federation President,['https://rickandmortyapi.com/api/episode/21']
131,Gar Gloonch,"['https://rickandmortyapi.com/api/episode/13', 'https://rickandmortyapi.com/api/episode/18', 'https://rickandmortyapi.com/api/episode/21']"
132,Gar's Mytholog,['https://rickandmortyapi.com/api/episode/18']
133,Garblovian,"['https://rickandmortyapi.com/api/episode/13', 'https://rickandmortyapi.com/api/episode/19', 'https://rickandmortyapi.com/api/episode/21']"
134,Garmanarnar,['https://rickandmortyapi.com/api/episode/8']
135,Garment District Rick,['https://rickandmortyapi.com/api/episode/28']
136,Gazorpazorpfield,"['https://rickandmortyapi.com/api/episode/8', 'https://rickandmortyapi.com/api/episode/13']"
137,Gene,"['https://rickandmortyapi.com/api/episode/26', 'https://rickandmortyapi.com/api/episode/49']"
138,General Nathan,['https://rickandmortyapi.com/api/episode/16']
139,General Store Owner,['https://rickandmortyapi.com/api/episode/20']
140,Genital Washer,['https://rickandmortyapi.com/api/episode/23']
141,Ghost in a Jar,['https://rickandmortyapi.com/api/episode/15']
142,Gibble Snake,['https://rickandmortyapi.com/api/episode/26']
143,Glasses Morty,['https://rickandmortyapi.com/api/episode/28']
144,Glenn,['https://rickandmortyapi.com/api/episode/1']
145,Glenn,['https://rickandmortyapi.com/api/episode/8']
146,Glexo Slim Slom,['https://rickandmortyapi.com/api/episode/18']
147,Gobo,['https://rickandmortyapi.com/api/episode/29']
148,Goddess Beth,['https://rickandmortyapi.com/api/episode/18']
149,Gordon Lunas,['https://rickandmortyapi.com/api/episode/29']
150,Cornvelious Daniel,['https://rickandmortyapi.com/api/episode/22']
151,Gwendolyn,['https://rickandmortyapi.com/api/episode/7']
152,Hammerhead Morty,"['https://rickandmortyapi.com/api/episode/10', 'https://rickandmortyapi.com/api/episode/22']"
153,Hamster In Butt,"['https://rickandmortyapi.com/api/episode/8', 'https://rickandmortyapi.com/api/episode/19']"
154,Hamurai,['https://rickandmortyapi.com/api/episode/15']
155,Harold,['https://rickandmortyapi.com/api/episode/6']
156,Hemorrhage,['https://rickandmortyapi.com/api/episode/23']
157,Hole in the Wall Where the Men Can See it All,['https://rickandmortyapi.com/api/episode/8']
158,Hookah Alien,['https://rickandmortyapi.com/api/episode/1']
159,Hunter,['https://rickandmortyapi.com/api/episode/17']
160,Hunter's Father,['https://rickandmortyapi.com/api/episode/17']
161,Hydrogen-F,['https://rickandmortyapi.com/api/episode/16']
162,Ice-T,['https://rickandmortyapi.com/api/episode/16']
163,Ideal Jerry,['https://rickandmortyapi.com/api/episode/18']
164,Insurance Rick,['https://rickandmortyapi.com/api/episode/10']
165,Investigator Rick,['https://rickandmortyapi.com/api/episode/28']
166,Invisi-trooper,['https://rickandmortyapi.com/api/episode/31']
167,Izzy,['https://rickandmortyapi.com/api/episode/24']
168,Jackie,['https://rickandmortyapi.com/api/episode/7']
169,Jacob,"['https://rickandmortyapi.com/api/episode/3', 'https://rickandmortyapi.com/api/episode/15']"
170,Jacqueline,['https://rickandmortyapi.com/api/episode/27']
171,Jaguar,['https://rickandmortyapi.com/api/episode/24']
172,Jamey,['https://rickandmortyapi.com/api/episode/16']
173,Jan-Michael Vincent,['https://rickandmortyapi.com/api/episode/19']
174,Jerry 5-126,['https://rickandmortyapi.com/api/episode/13']
175,Jerry Smith,"['https://rickandmortyapi.com/api/episode/1', 'https://rickandmortyapi.com/api/episode/2', 'https://rickandmortyapi.com/api/episode/3', 'https://rickandmortyapi.com/api/episode/4', 'https://rickandmortyapi.com/api/episode/5', 'https://rickandmortyapi.com/api/episode/6', 'https://rickandmortyapi.com/api/episode/22']"
176,Celebrity Jerry,['https://rickandmortyapi.com/api/episode/8']
177,Jerry Smith,['https://rickandmortyapi.com/api/episode/10']
178,Jerry's Mytholog,['https://rickandmortyapi.com/api/episode/18']
179,Jessica,"['https://rickandmortyapi.com/api/episode/1', 'https://rickandmortyapi.com/api/episode/4', 'https://rickandmortyapi.com/api/episode/6']"
180,Jessica,"['https://rickandmortyapi.com/api/episode/11', 'https://rickandmortyapi.com/api/episode/13', 'https://rickandmortyapi.com/api/episode/17', 'https://rickandmortyapi.com/api/episode/18', 'https://rickandmortyapi.com/api/episode/26', 'https://rickandmortyapi.com/api/episode/27', 'https://rickandmortyapi.com/api/episode/28', 'https://rickandmortyapi.com/api/episode/29', 'https://rickandmortyapi.com/api/episode/30', 'https://rickandmortyapi.com/api/episode/32', 'https://rickandmortyapi.com/api/episode/39', 'https://rickandmortyapi.com/api/episode/42']"
181,Jessica's Friend,"['https://rickandmortyapi.com/api/episode/1', 'https://rickandmortyapi.com/api/episode/4', 'https://rickandmortyapi.com/api/episode/6', 'https://rickandmortyapi.com/api/episode/11', 'https://rickandmortyapi.com/api/episode/17', 'https://rickandmortyapi.com/api/episode/18', 'https://rickandmortyapi.com/api/episode/25', 'https://rickandmortyapi.com/api/episode/27']"
182,Jim,['https://rickandmortyapi.com/api/episode/16']
183,Johnny Depp,['https://rickandmortyapi.com/api/episode/8']
184,Jon,['https://rickandmortyapi.com/api/episode/8']
185,Joseph Eli Lipkip,['https://rickandmortyapi.com/api/episode/30']
186,Joyce Smith,['https://rickandmortyapi.com/api/episode/3']
187,Juggling Rick,['https://rickandmortyapi.com/api/episode/28']
188,Karen Entity,['https://rickandmortyapi.com/api/episode/14']
189,Katarina,['https://rickandmortyapi.com/api/episode/24']
190,Keara,['https://rickandmortyapi.com/api/episode/30']
191,Kevin,['https://rickandmortyapi.com/api/episode/4']
192,King Flippy Nips,['https://rickandmortyapi.com/api/episode/9']
193,King Jellybean,['https://rickandmortyapi.com/api/episode/5']
194,Kozbian,['https://rickandmortyapi.com/api/episode/21']
195,Kristen Stewart,['https://rickandmortyapi.com/api/episode/8']
196,Krombopulos Michael,['https://rickandmortyapi.com/api/episode/13']
197,Kyle,['https://rickandmortyapi.com/api/episode/17']
198,Lady Katana,['https://rickandmortyapi.com/api/episode/25']
199,Larva Alien,"['https://rickandmortyapi.com/api/episode/16', 'https://rickandmortyapi.com/api/episode/19', 'https://rickandmortyapi.com/api/episode/21']"
200,Lawyer Morty,['https://rickandmortyapi.com/api/episode/22']
201,Leonard Smith,['https://rickandmortyapi.com/api/episode/3']
202,Lighthouse Keeper,['https://rickandmortyapi.com/api/episode/20']
203,Lil B,"['https://rickandmortyapi.com/api/episode/21', 'https://rickandmortyapi.com/api/episode/48']"
204,Lisa,['https://rickandmortyapi.com/api/episode/26']
205,Little Dipper,['https://rickandmortyapi.com/api/episode/19']
206,Lizard Morty,['https://rickandmortyapi.com/api/episode/28']
207,Loggins,"['https://rickandmortyapi.com/api/episode/8', 'https://rickandmortyapi.com/api/episode/13', 'https://rickandmortyapi.com/api/episode/17']"
208,Logic,['https://rickandmortyapi.com/api/episode/25']
209,Long Sleeved Morty,['https://rickandmortyapi.com/api/episode/10']
210,Lucy,['https://rickandmortyapi.com/api/episode/11']
211,Ma-Sha,['https://rickandmortyapi.com/api/episode/7']
212,Magma-Q,['https://rickandmortyapi.com/api/episode/16']
213,Magnesium-J,['https://rickandmortyapi.com/api/episode/16']
214,Man Painted Silver Who Makes Robot Noises,['https://rickandmortyapi.com/api/episode/8']
215,Maximums Rickimus,"['https://rickandmortyapi.com/api/episode/10', 'https://rickandmortyapi.com/api/episode/22', 'https://rickandmortyapi.com/api/episode/51']"
216,MC Haps,"['https://rickandmortyapi.com/api/episode/6', 'https://rickandmortyapi.com/api/episode/11', 'https://rickandmortyapi.com/api/episode/25']"
217,Mechanical Morty,['https://rickandmortyapi.com/api/episode/23']
218,Mechanical Rick,['https://rickandmortyapi.com/api/episode/23']
219,Mechanical Summer,['https://rickandmortyapi.com/api/episode/23']
220,Mega Fruit Farmer Rick,['https://rickandmortyapi.com/api/episode/28']
221,Melissa,['https://rickandmortyapi.com/api/episode/2']
222,Michael Denny and the Denny Singers,['https://rickandmortyapi.com/api/episode/8']
223,Michael Jenkins,['https://rickandmortyapi.com/api/episode/19']
224,Michael McLick,['https://rickandmortyapi.com/api/episode/19']
225,Michael Thompson,['https://rickandmortyapi.com/api/episode/19']
226,Million Ants,['https://rickandmortyapi.com/api/episode/25']
227,Mitch,['https://rickandmortyapi.com/api/episode/27']
228,Mohawk Guy,['https://rickandmortyapi.com/api/episode/23']
229,Morty Mart Manager Morty,['https://rickandmortyapi.com/api/episode/28']
230,Morty Jr.,['https://rickandmortyapi.com/api/episode/7']
231,Morty Rick,['https://rickandmortyapi.com/api/episode/22']
232,Morty Smith,['https://rickandmortyapi.com/api/episode/10']
233,Morty K-22,['https://rickandmortyapi.com/api/episode/28']
234,Morty Smith,['https://rickandmortyapi.com/api/episode/6']
235,Mortytown Loco,['https://rickandmortyapi.com/api/episode/28']
236,Mr. Beauregard,['https://rickandmortyapi.com/api/episode/15']
237,Mr. Benson,['https://rickandmortyapi.com/api/episode/12']
238,Mr. Booby Buyer,['https://rickandmortyapi.com/api/episode/5']
239,Mr. Goldenfold,"['https://rickandmortyapi.com/api/episode/1', 'https://rickandmortyapi.com/api/episode/2', 'https://rickandmortyapi.com/api/episode/4', 'https://rickandmortyapi.com/api/episode/6']"
240,Mr. Goldenfold,"['https://rickandmortyapi.com/api/episode/9', 'https://rickandmortyapi.com/api/episode/16', 'https://rickandmortyapi.com/api/episode/17', 'https://rickandmortyapi.com/api/episode/18', 'https://rickandmortyapi.com/api/episode/21', 'https://rickandmortyapi.com/api/episode/22', 'https://rickandmortyapi.com/api/episode/24', 'https://rickandmortyapi.com/api/episode/27', 'https://rickandmortyapi.com/api/episode/30', 'https://rickandmortyapi.com/api/episode/39']"
241,Mr. Marklovitz,"['https://rickandmortyapi.com/api/episode/4', 'https://rickandmortyapi.com/api/episode/16']"
242,Mr. Meeseeks,"['https://rickandmortyapi.com/api/episode/5', 'https://rickandmortyapi.com/api/episode/10', 'https://rickandmortyapi.com/api/episode/13', 'https://rickandmortyapi.com/api/episode/29', 'https://rickandmortyapi.com/api/episode/32']"
243,Mr. Needful,['https://rickandmortyapi.com/api/episode/9']
244,Mr. Poopybutthole,"['https://rickandmortyapi.com/api/episode/15', 'https://rickandmortyapi.com/api/episode/21', 'https://rickandmortyapi.com/api/episode/29', 'https://rickandmortyapi.com/api/episode/30', 'https://rickandmortyapi.com/api/episode/31', 'https://rickandmortyapi.com/api/episode/34', 'https://rickandmortyapi.com/api/episode/51']"
245,Mrs. Lipkip,['https://rickandmortyapi.com/api/episode/30']
246,Mrs. Pancakes,"['https://rickandmortyapi.com/api/episode/2', 'https://rickandmortyapi.com/api/episode/27']"
247,Amy Poopybutthole,['https://rickandmortyapi.com/api/episode/31']
248,Mrs. Refrigerator,['https://rickandmortyapi.com/api/episode/15']
249,Mrs. Sanchez,"['https://rickandmortyapi.com/api/episode/1', 'https://rickandmortyapi.com/api/episode/6', 'https://rickandmortyapi.com/api/episode/14', 'https://rickandmortyapi.com/api/episode/30']"
250,Mrs. Sullivan,['https://rickandmortyapi.com/api/episode/8']
251,Nancy,"['https://rickandmortyapi.com/api/episode/6', 'https://rickandmortyapi.com/api/episode/9', 'https://rickandmortyapi.com/api/episode/11', 'https://rickandmortyapi.com/api/episode/25', 'https://rickandmortyapi.com/api/episode/29', 'https://rickandmortyapi.com/api/episode/36']"
252,Noob-Noob,['https://rickandmortyapi.com/api/episode/25']
253,Numbericon,['https://rickandmortyapi.com/api/episode/16']
254,Octopus Man,['https://rickandmortyapi.com/api/episode/19']
255,Orthodox Jew,['https://rickandmortyapi.com/api/episode/16']
256,Pat Gueterman,['https://rickandmortyapi.com/api/episode/21']
257,Paul Fleishman,['https://rickandmortyapi.com/api/episode/13']
258,Pawnshop Clerk,['https://rickandmortyapi.com/api/episode/7']
259,Pencilvester,['https://rickandmortyapi.com/api/episode/15']
260,Phillip Jacobs,['https://rickandmortyapi.com/api/episode/19']
261,Photography Cyborg,['https://rickandmortyapi.com/api/episode/21']
262,Photography Raptor,['https://rickandmortyapi.com/api/episode/15']
263,Pibbles Bodyguard,['https://rickandmortyapi.com/api/episode/19']
264,Pichael Thompson,['https://rickandmortyapi.com/api/episode/19']
265,Pickle Rick,['https://rickandmortyapi.com/api/episode/24']
266,Piece of Toast,"['https://rickandmortyapi.com/api/episode/8', 'https://rickandmortyapi.com/api/episode/17']"
267,Plumber Rick,['https://rickandmortyapi.com/api/episode/28']
268,Poncho,['https://rickandmortyapi.com/api/episode/3']
269,Presidentress of The Mega Gargantuans,['https://rickandmortyapi.com/api/episode/31']
270,Prince Nebulon,['https://rickandmortyapi.com/api/episode/4']
271,Principal Vagina,"['https://rickandmortyapi.com/api/episode/1', 'https://rickandmortyapi.com/api/episode/5', 'https://rickandmortyapi.com/api/episode/6']"
272,Principal Vagina,"['https://rickandmortyapi.com/api/episode/9', 'https://rickandmortyapi.com/api/episode/16', 'https://rickandmortyapi.com/api/episode/18', 'https://rickandmortyapi.com/api/episode/24', 'https://rickandmortyapi.com/api/episode/27', 'https://rickandmortyapi.com/api/episode/29']"
273,Purge Planet Ruler,['https://rickandmortyapi.com/api/episode/20']
274,Quantum Rick,"['https://rickandmortyapi.com/api/episode/10', 'https://rickandmortyapi.com/api/episode/22', 'https://rickandmortyapi.com/api/episode/51']"
275,Randy Dicknose,['https://rickandmortyapi.com/api/episode/19']
276,Rat Boss,['https://rickandmortyapi.com/api/episode/24']
277,Real Fake Doors Salesman,['https://rickandmortyapi.com/api/episode/8']
278,Regional Manager Rick,['https://rickandmortyapi.com/api/episode/28']
279,Regular Legs,['https://rickandmortyapi.com/api/episode/8']
280,Reverse Giraffe,['https://rickandmortyapi.com/api/episode/15']
281,Reverse Rick Outrage,['https://rickandmortyapi.com/api/episode/28']
282,Revolio Clockberg Jr.,"['https://rickandmortyapi.com/api/episode/11', 'https://rickandmortyapi.com/api/episode/13', 'https://rickandmortyapi.com/api/episode/25']"
283,Rick D. Sanchez III,['https://rickandmortyapi.com/api/episode/28']
284,Rick Guilt Rick,['https://rickandmortyapi.com/api/episode/28']
285,Rick Prime,"['https://rickandmortyapi.com/api/episode/22', 'https://rickandmortyapi.com/api/episode/51']"
286,Rick D-99,['https://rickandmortyapi.com/api/episode/22']
287,Rick D716,['https://rickandmortyapi.com/api/episode/28']
288,Rick D716-B,['https://rickandmortyapi.com/api/episode/28']
289,Rick D716-C,['https://rickandmortyapi.com/api/episode/28']
290,Rick Sanchez,['https://rickandmortyapi.com/api/episode/10']
291,Rick J-22,['https://rickandmortyapi.com/api/episode/28']
292,Rick K-22,['https://rickandmortyapi.com/api/episode/28']
293,Rick Sanchez,['https://rickandmortyapi.com/api/episode/6']
294,Ricktiminus Sancheziminius,"['https://rickandmortyapi.com/api/episode/10', 'https://rickandmortyapi.com/api/episode/22', 'https://rickandmortyapi.com/api/episode/51']"
295,Riq IV,"['https://rickandmortyapi.com/api/episode/10', 'https://rickandmortyapi.com/api/episode/11', 'https://rickandmortyapi.com/api/episode/22']"
296,Risotto Groupon,['https://rickandmortyapi.com/api/episode/26']
297,Risotto's Tentacled Henchman,['https://rickandmortyapi.com/api/episode/26']
298,Robot Morty,['https://rickandmortyapi.com/api/episode/10']
299,Robot Rick,['https://rickandmortyapi.com/api/episode/10']
300,Roger,['https://rickandmortyapi.com/api/episode/3']
301,Ron Benson,['https://rickandmortyapi.com/api/episode/14']
302,Ruben,['https://rickandmortyapi.com/api/episode/3']
303,Samantha,['https://rickandmortyapi.com/api/episode/5']
304,Scary Brandon,['https://rickandmortyapi.com/api/episode/2']
305,Scary Glenn,['https://rickandmortyapi.com/api/episode/2']
306,Scary Terry,['https://rickandmortyapi.com/api/episode/2']
307,Scroopy Noopers,['https://rickandmortyapi.com/api/episode/9']
308,Scropon,"['https://rickandmortyapi.com/api/episode/11', 'https://rickandmortyapi.com/api/episode/21']"
309,Scrotian,"['https://rickandmortyapi.com/api/episode/13', 'https://rickandmortyapi.com/api/episode/16', 'https://rickandmortyapi.com/api/episode/21', 'https://rickandmortyapi.com/api/episode/25']"
310,Self-Congratulatory Jerry,['https://rickandmortyapi.com/api/episode/18']
311,Shimshamian,"['https://rickandmortyapi.com/api/episode/13', 'https://rickandmortyapi.com/api/episode/21', 'https://rickandmortyapi.com/api/episode/25']"
312,Shlaammi,['https://rickandmortyapi.com/api/episode/19']
313,Shleemypants,"['https://rickandmortyapi.com/api/episode/12', 'https://rickandmortyapi.com/api/episode/36']"
314,Shmlamantha Shmlicelli,['https://rickandmortyapi.com/api/episode/8']
315,Shmlangela Shmlobinson-Shmlower,['https://rickandmortyapi.com/api/episode/8']
316,Shmlona Shmlobinson,['https://rickandmortyapi.com/api/episode/8']
317,Shmlonathan Shmlower,['https://rickandmortyapi.com/api/episode/8']
318,Shmlony Shmlicelli,['https://rickandmortyapi.com/api/episode/8']
319,Shmooglite Runner,['https://rickandmortyapi.com/api/episode/26']
320,Shnoopy Bloopers,['https://rickandmortyapi.com/api/episode/26']
321,Shrimply Pibbles,['https://rickandmortyapi.com/api/episode/19']
322,Simple Rick,['https://rickandmortyapi.com/api/episode/28']
323,Slaveowner,['https://rickandmortyapi.com/api/episode/23']
324,Sleepy Gary,['https://rickandmortyapi.com/api/episode/15']
325,Slick Morty,['https://rickandmortyapi.com/api/episode/28']
326,Slippery Stair,"['https://rickandmortyapi.com/api/episode/5', 'https://rickandmortyapi.com/api/episode/11']"
327,Slow Mobius,['https://rickandmortyapi.com/api/episode/11']
328,Slow Rick,['https://rickandmortyapi.com/api/episode/28']
329,Snuffles (Snowball),"['https://rickandmortyapi.com/api/episode/2', 'https://rickandmortyapi.com/api/episode/7', 'https://rickandmortyapi.com/api/episode/10', 'https://rickandmortyapi.com/api/episode/15', 'https://rickandmortyapi.com/api/episode/16', 'https://rickandmortyapi.com/api/episode/24', 'https://rickandmortyapi.com/api/episode/29', 'https://rickandmortyapi.com/api/episode/30']"
330,Solicitor Rick,"['https://rickandmortyapi.com/api/episode/10', 'https://rickandmortyapi.com/api/episode/22']"
331,Squanchy,"['https://rickandmortyapi.com/api/episode/11', 'https://rickandmortyapi.com/api/episode/16', 'https://rickandmortyapi.com/api/episode/21']"
332,Stacy,['https://rickandmortyapi.com/api/episode/27']
333,Stair Goblin,"['https://rickandmortyapi.com/api/episode/5', 'https://rickandmortyapi.com/api/episode/11', 'https://rickandmortyapi.com/api/episode/25']"
334,Stealy,['https://rickandmortyapi.com/api/episode/19']
335,Steve,['https://rickandmortyapi.com/api/episode/31']
336,Steven Phillips,['https://rickandmortyapi.com/api/episode/14']
337,Stu,['https://rickandmortyapi.com/api/episode/4']
338,Summer Smith,"['https://rickandmortyapi.com/api/episode/1', 'https://rickandmortyapi.com/api/episode/2', 'https://rickandmortyapi.com/api/episode/3', 'https://rickandmortyapi.com/api/episode/4', 'https://rickandmortyapi.com/api/episode/5', 'https://rickandmortyapi.com/api/episode/6', 'https://rickandmortyapi.com/api/episode/22']"
339,Summer Smith,['https://rickandmortyapi.com/api/episode/10']
340,Supernova,['https://rickandmortyapi.com/api/episode/25']
341,Taddy Mason,['https://rickandmortyapi.com/api/episode/20']
342,Taint Washer,['https://rickandmortyapi.com/api/episode/23']
343,Tammy Guetermann,"['https://rickandmortyapi.com/api/episode/5', 'https://rickandmortyapi.com/api/episode/6']"
344,Tammy Guetermann,"['https://rickandmortyapi.com/api/episode/11', 'https://rickandmortyapi.com/api/episode/16', 'https://rickandmortyapi.com/api/episode/21', 'https://rickandmortyapi.com/api/episode/22', 'https://rickandmortyapi.com/api/episode/41']"
345,Teacher Rick,['https://rickandmortyapi.com/api/episode/28']
346,Terry,['https://rickandmortyapi.com/api/episode/16']
347,President Curtis,"['https://rickandmortyapi.com/api/episode/16', 'https://rickandmortyapi.com/api/episode/31', 'https://rickandmortyapi.com/api/episode/43', 'https://rickandmortyapi.com/api/episode/45', 'https://rickandmortyapi.com/api/episode/47']"
348,The President of the Miniverse,['https://rickandmortyapi.com/api/episode/17']
349,The Scientist Formerly Known as Rick,['https://rickandmortyapi.com/api/episode/10']
350,Thomas Lipkip,['https://rickandmortyapi.com/api/episode/30']
351,Three Unknown Things,['https://rickandmortyapi.com/api/episode/8']
352,Tinkles,['https://rickandmortyapi.com/api/episode/15']
353,Tiny Rick,['https://rickandmortyapi.com/api/episode/18']
354,Toby Matthews,['https://rickandmortyapi.com/api/episode/18']
355,Todd Crystal,['https://rickandmortyapi.com/api/episode/14']
356,Tom Randolph,['https://rickandmortyapi.com/api/episode/3']
357,Tommy's Clone,['https://rickandmortyapi.com/api/episode/30']
358,Tophat Jones,"['https://rickandmortyapi.com/api/episode/8', 'https://rickandmortyapi.com/api/episode/18', 'https://rickandmortyapi.com/api/episode/21']"
359,Tortured Morty,['https://rickandmortyapi.com/api/episode/10']
360,Toxic Morty,['https://rickandmortyapi.com/api/episode/27']
361,Toxic Rick,['https://rickandmortyapi.com/api/episode/27']
362,Traflorkian,"['https://rickandmortyapi.com/api/episode/11', 'https://rickandmortyapi.com/api/episode/13', 'https://rickandmortyapi.com/api/episode/19', 'https://rickandmortyapi.com/api/episode/21', 'https://rickandmortyapi.com/api/episode/25']"
363,Trandor,['https://rickandmortyapi.com/api/episode/30']
364,Tree Person,['https://rickandmortyapi.com/api/episode/17']
365,Tricia Lange,"['https://rickandmortyapi.com/api/episode/26', 'https://rickandmortyapi.com/api/episode/27', 'https://rickandmortyapi.com/api/episode/36', 'https://rickandmortyapi.com/api/episode/38', 'https://rickandmortyapi.com/api/episode/46']"
366,Trunk Morty,['https://rickandmortyapi.com/api/episode/28']
367,Trunk Man,"['https://rickandmortyapi.com/api/episode/8', 'https://rickandmortyapi.com/api/episode/28']"
368,Truth Tortoise,['https://rickandmortyapi.com/api/episode/29']
369,Tusked Assassin,['https://rickandmortyapi.com/api/episode/26']
370,Two Guys with Handlebar Mustaches,['https://rickandmortyapi.com/api/episode/8']
371,Tumblorkian,['https://rickandmortyapi.com/api/episode/19']
372,Unity,['https://rickandmortyapi.com/api/episode/14']
373,Unmuscular Michael,['https://rickandmortyapi.com/api/episode/8']
374,Vampire Master,['https://rickandmortyapi.com/api/episode/18']
375,Vance Maximus,['https://rickandmortyapi.com/api/episode/25']
376,Veronica Ann Bennet,['https://rickandmortyapi.com/api/episode/7']
377,Voltematron,['https://rickandmortyapi.com/api/episode/29']
378,Wall Crawling Rick,['https://rickandmortyapi.com/api/episode/22']
379,Wedding Bartender,['https://rickandmortyapi.com/api/episode/21']
380,Unknown Rick,"['https://rickandmortyapi.com/api/episode/22', 'https://rickandmortyapi.com/api/episode/51']"
381,Woman Rick,['https://rickandmortyapi.com/api/episode/10']
382,Worldender,['https://rickandmortyapi.com/api/episode/25']
383,Yaarb,['https://rickandmortyapi.com/api/episode/19']
384,Yellow Headed Doctor,['https://rickandmortyapi.com/api/episode/19']
385,Yellow Shirt Rick,['https://rickandmortyapi.com/api/episode/22']
386,Zarbadar Gloonch,"['https://rickandmortyapi.com/api/episode/13', 'https://rickandmortyapi.com/api/episode/18']"
387,Zarbadar's Mytholog,['https://rickandmortyapi.com/api/episode/18']
388,Zeep Xanflorp,['https://rickandmortyapi.com/api/episode/17']
389,Zeta Alpha Rick,"['https://rickandmortyapi.com/api/episode/10', 'https://rickandmortyapi.com/api/episode/11', 'https://rickandmortyapi.com/api/episode/22', 'https://rickandmortyapi.com/api/episode/51']"
390,Zick Zack,['https://rickandmortyapi.com/api/episode/29']
391,Uncle Steve,['https://rickandmortyapi.com/api/episode/15']
392,Bearded Morty,"['https://rickandmortyapi.com/api/episode/28', 'https://rickandmortyapi.com/api/episode/51']"
393,Roy,['https://rickandmortyapi.com/api/episode/13']
394,Davin,"['https://rickandmortyapi.com/api/episode/1', 'https://rickandmortyapi.com/api/episode/6']"
395,Greebybobe,"['https://rickandmortyapi.com/api/episode/1', 'https://rickandmortyapi.com/api/episode/11', 'https://rickandmortyapi.com/api/episode/16', 'https://rickandmortyapi.com/api/episode/25']"
396,Scary Teacher,['https://rickandmortyapi.com/api/episode/2']
397,Fido,['https://rickandmortyapi.com/api/episode/2']
398,Accountant dog,['https://rickandmortyapi.com/api/episode/2']
399,Tiny-persons advocacy group lawyer,['https://rickandmortyapi.com/api/episode/5']
400,Giant Judge,['https://rickandmortyapi.com/api/episode/5']
401,Morty Jr's interviewer,['https://rickandmortyapi.com/api/episode/7']
402,Guy from The Bachelor,['https://rickandmortyapi.com/api/episode/8']
403,Corn detective,['https://rickandmortyapi.com/api/episode/8']
404,Michael Jackson,['https://rickandmortyapi.com/api/episode/8']
405,Trunkphobic suspenders guy,"['https://rickandmortyapi.com/api/episode/2', 'https://rickandmortyapi.com/api/episode/8', 'https://rickandmortyapi.com/api/episode/10', 'https://rickandmortyapi.com/api/episode/11']"
406,Spiderweb teddy bear,['https://rickandmortyapi.com/api/episode/8']
407,Regular Tyrion Lannister,['https://rickandmortyapi.com/api/episode/8']
408,Quick Mystery Presenter,['https://rickandmortyapi.com/api/episode/8']
409,Mr. Sneezy,['https://rickandmortyapi.com/api/episode/8']
410,Two Brothers,['https://rickandmortyapi.com/api/episode/8']
411,Alien Mexican Armada,['https://rickandmortyapi.com/api/episode/8']
412,Giant Cat Monster,['https://rickandmortyapi.com/api/episode/8']
413,Old Women,['https://rickandmortyapi.com/api/episode/8']
414,Trunkphobic guy,['https://rickandmortyapi.com/api/episode/8']
415,Pro trunk people marriage guy,['https://rickandmortyapi.com/api/episode/8']
416,Muscular Mannie,['https://rickandmortyapi.com/api/episode/8']
417,Baby Legs Chief,['https://rickandmortyapi.com/api/episode/8']
418,Mrs. Sullivan's Boyfriend,['https://rickandmortyapi.com/api/episode/8']
419,Plutonian Hostess,['https://rickandmortyapi.com/api/episode/9']
420,Plutonian Host,['https://rickandmortyapi.com/api/episode/9']
421,Rich Plutonian,['https://rickandmortyapi.com/api/episode/9']
422,Rich Plutonian,['https://rickandmortyapi.com/api/episode/9']
423,Synthetic Laser Eels,['https://rickandmortyapi.com/api/episode/11']
424,Pizza-person,['https://rickandmortyapi.com/api/episode/10']
425,Pizza-person,['https://rickandmortyapi.com/api/episode/10']
426,Greasy Grandma,['https://rickandmortyapi.com/api/episode/10']
427,Phone-person,['https://rickandmortyapi.com/api/episode/10']
428,Phone-person,['https://rickandmortyapi.com/api/episode/10']
429,Chair-person,['https://rickandmortyapi.com/api/episode/10']
430,Chair-person,['https://rickandmortyapi.com/api/episode/10']
431,Chair-homeless,['https://rickandmortyapi.com/api/episode/10']
432,Chair-waiter,['https://rickandmortyapi.com/api/episode/10']
433,Doopidoo,['https://rickandmortyapi.com/api/episode/10']
434,Super Weird Rick,['https://rickandmortyapi.com/api/episode/10']
435,Pripudlian,"['https://rickandmortyapi.com/api/episode/1', 'https://rickandmortyapi.com/api/episode/11', 'https://rickandmortyapi.com/api/episode/19', 'https://rickandmortyapi.com/api/episode/25']"
436,Giant Testicle Monster,"['https://rickandmortyapi.com/api/episode/11', 'https://rickandmortyapi.com/api/episode/13']"
437,Michael,['https://rickandmortyapi.com/api/episode/12']
438,Michael's Lawyer,['https://rickandmortyapi.com/api/episode/12']
439,Veterinary,['https://rickandmortyapi.com/api/episode/12']
440,Veterinary Nurse,['https://rickandmortyapi.com/api/episode/12']
441,Bearded Jerry,['https://rickandmortyapi.com/api/episode/13']
442,Shaved Head Jerry,['https://rickandmortyapi.com/api/episode/13']
443,Tank Top Jerry,['https://rickandmortyapi.com/api/episode/13']
444,Pink Polo Shirt Jerry,['https://rickandmortyapi.com/api/episode/13']
445,Jerryboree Keeper,['https://rickandmortyapi.com/api/episode/13']
446,Jerryboree Receptionist,['https://rickandmortyapi.com/api/episode/13']
447,Anchor Gear,['https://rickandmortyapi.com/api/episode/13']
448,Gear Cop,['https://rickandmortyapi.com/api/episode/13']
449,Roy's Mum,['https://rickandmortyapi.com/api/episode/13']
450,Roy's Wife,['https://rickandmortyapi.com/api/episode/13']
451,Roy's Son,['https://rickandmortyapi.com/api/episode/13']
452,Simon,['https://rickandmortyapi.com/api/episode/16']
453,Vampire Master's Assistant,['https://rickandmortyapi.com/api/episode/18']
454,Arbolian Mentirososian,"['https://rickandmortyapi.com/api/episode/16', 'https://rickandmortyapi.com/api/episode/19', 'https://rickandmortyapi.com/api/episode/21']"
455,St. Gloopy Noops Nurse,['https://rickandmortyapi.com/api/episode/19']
456,Nano Doctor,['https://rickandmortyapi.com/api/episode/19']
457,Funny Songs Presenter,['https://rickandmortyapi.com/api/episode/19']
458,Tax Attorney,['https://rickandmortyapi.com/api/episode/19']
459,Butthole Ice Cream Guy,['https://rickandmortyapi.com/api/episode/19']
460,Traflorkian Journalist,['https://rickandmortyapi.com/api/episode/19']
461,Communication's Responsible Rick,['https://rickandmortyapi.com/api/episode/22']
462,Teleportation's Responsible Rick,['https://rickandmortyapi.com/api/episode/22']
463,SEAL Team Rick,['https://rickandmortyapi.com/api/episode/22']
464,SEAL Team Rick,['https://rickandmortyapi.com/api/episode/22']
465,SEAL Team Rick,['https://rickandmortyapi.com/api/episode/22']
466,SEAL Team Rick,['https://rickandmortyapi.com/api/episode/22']
467,Morphizer-XE Customer Support,['https://rickandmortyapi.com/api/episode/26']
468,Morphizer-XE Customer Support,['https://rickandmortyapi.com/api/episode/26']
469,Morphizer-XE Customer Support,['https://rickandmortyapi.com/api/episode/26']
470,Alien Spa Employee,['https://rickandmortyapi.com/api/episode/27']
471,Little Voltron,['https://rickandmortyapi.com/api/episode/27']
472,Baby Rick,['https://rickandmortyapi.com/api/episode/28']
473,Bartender Morty,['https://rickandmortyapi.com/api/episode/28']
474,Dancer Cowboy Morty,['https://rickandmortyapi.com/api/episode/28']
475,Dancer Morty,['https://rickandmortyapi.com/api/episode/28']
476,Flower Morty,['https://rickandmortyapi.com/api/episode/28']
477,Hairdresser Rick,['https://rickandmortyapi.com/api/episode/28']
478,Journalist Rick,['https://rickandmortyapi.com/api/episode/28']
479,Private Sector Rick,['https://rickandmortyapi.com/api/episode/28']
480,Purple Morty,['https://rickandmortyapi.com/api/episode/28']
481,Retired General Rick,['https://rickandmortyapi.com/api/episode/28']
482,Secret Service Rick,['https://rickandmortyapi.com/api/episode/28']
483,Steve Jobs Rick,['https://rickandmortyapi.com/api/episode/28']
484,Sheik Rick,['https://rickandmortyapi.com/api/episode/28']
485,Modern Rick,['https://rickandmortyapi.com/api/episode/28']
486,Tan Rick,['https://rickandmortyapi.com/api/episode/28']
487,Visor Rick,['https://rickandmortyapi.com/api/episode/28']
488,Colonial Rick,['https://rickandmortyapi.com/api/episode/28']
489,P-Coat Rick,['https://rickandmortyapi.com/api/episode/28']
490,Chang,['https://rickandmortyapi.com/api/episode/29']
491,Dr. Eleanor Arroway,['https://rickandmortyapi.com/api/episode/29']
492,Varrix,['https://rickandmortyapi.com/api/episode/30']
493,Secretary of the Interior,['https://rickandmortyapi.com/api/episode/31']
494,Crystal Poacher,['https://rickandmortyapi.com/api/episode/32']
495,Crystal Poacher,['https://rickandmortyapi.com/api/episode/32']
496,Crystal Poacher,['https://rickandmortyapi.com/api/episode/32']
497,Hologram Rick,['https://rickandmortyapi.com/api/episode/32']
498,Fascist Rick,['https://rickandmortyapi.com/api/episode/32']
499,Fascist Morty,['https://rickandmortyapi.com/api/episode/32']
500,Fascist Mr. President,['https://rickandmortyapi.com/api/episode/32']
501,Fascist Ricks Clone,['https://rickandmortyapi.com/api/episode/32']
502,Revolio Clockberg Jr.,['https://rickandmortyapi.com/api/episode/32']
503,Fascist Shrimp Rick,['https://rickandmortyapi.com/api/episode/32']
504,Fascist Shrimp Ricks Clone,['https://rickandmortyapi.com/api/episode/32']
505,Fascist Shrimp Morty,['https://rickandmortyapi.com/api/episode/32']
506,Fascist Shrimp SS,['https://rickandmortyapi.com/api/episode/32']
507,Fascist Teddy Bear Rick,['https://rickandmortyapi.com/api/episode/32']
508,Fascist Teddy Bear Ricks Clone,['https://rickandmortyapi.com/api/episode/32']
509,Bully,['https://rickandmortyapi.com/api/episode/32']
510,Anchorman,['https://rickandmortyapi.com/api/episode/32']
511,Anchorwoman,['https://rickandmortyapi.com/api/episode/32']
512,Mortys Lawyer,['https://rickandmortyapi.com/api/episode/32']
513,Judge,['https://rickandmortyapi.com/api/episode/32']
514,Public Opinion Judge,['https://rickandmortyapi.com/api/episode/32']
515,Caterpillar Mr. Goldenfold,['https://rickandmortyapi.com/api/episode/32']
516,Wasp Rick,['https://rickandmortyapi.com/api/episode/32']
517,Wasp Ricks Clone,['https://rickandmortyapi.com/api/episode/32']
518,Wasp Morty,['https://rickandmortyapi.com/api/episode/32']
519,Wasp Summer,['https://rickandmortyapi.com/api/episode/32']
520,Wasp Jerry,['https://rickandmortyapi.com/api/episode/32']
521,Wasp Beth,['https://rickandmortyapi.com/api/episode/32']
522,Caterpillar Mr. Goldenfolds Larvae,['https://rickandmortyapi.com/api/episode/32']
523,Boglin,['https://rickandmortyapi.com/api/episode/32']
524,Kirkland Brand Mr. Meeseeks,['https://rickandmortyapi.com/api/episode/32']
525,Glootie,['https://rickandmortyapi.com/api/episode/33']
526,Danny Publitz,['https://rickandmortyapi.com/api/episode/33']
527,Mothership Intern,['https://rickandmortyapi.com/api/episode/33']
528,Monogatron Leader,['https://rickandmortyapi.com/api/episode/33']
529,Lizard,['https://rickandmortyapi.com/api/episode/33']
530,Deliverance,['https://rickandmortyapi.com/api/episode/33']
531,Tony,['https://rickandmortyapi.com/api/episode/33']
532,Tonys Wife,['https://rickandmortyapi.com/api/episode/33']
533,Monogatron Queen,['https://rickandmortyapi.com/api/episode/33']
534,Tony's Dad,['https://rickandmortyapi.com/api/episode/33']
535,Jeff,['https://rickandmortyapi.com/api/episode/33']
536,Josiah,['https://rickandmortyapi.com/api/episode/33']
537,Maggie,['https://rickandmortyapi.com/api/episode/33']
538,Priest Witherspoon,['https://rickandmortyapi.com/api/episode/33']
539,Richard,['https://rickandmortyapi.com/api/episode/33']
540,Running Bird,['https://rickandmortyapi.com/api/episode/33']
541,Secretary at Tony's,['https://rickandmortyapi.com/api/episode/33']
542,Mountain Sweat Jerry,['https://rickandmortyapi.com/api/episode/33']
543,Vermigurber,['https://rickandmortyapi.com/api/episode/33']
544,Miles Knightly,['https://rickandmortyapi.com/api/episode/34']
545,Heist-Con Receptionist,['https://rickandmortyapi.com/api/episode/34']
546,Angie Flint,['https://rickandmortyapi.com/api/episode/34']
547,Glar,['https://rickandmortyapi.com/api/episode/34']
548,Truckula,['https://rickandmortyapi.com/api/episode/34']
549,Snake Arms,['https://rickandmortyapi.com/api/episode/34']
550,Double Microwawe,['https://rickandmortyapi.com/api/episode/34']
551,Monitor Lord,['https://rickandmortyapi.com/api/episode/34']
552,Key Catcher,['https://rickandmortyapi.com/api/episode/34']
553,The Shapeshiftress,['https://rickandmortyapi.com/api/episode/34']
554,Heistotron,['https://rickandmortyapi.com/api/episode/34']
555,Randotron,['https://rickandmortyapi.com/api/episode/34']
556,Hephaestus,['https://rickandmortyapi.com/api/episode/34']
557,Ventriloquiver,['https://rickandmortyapi.com/api/episode/34']
558,Elon Tusk,['https://rickandmortyapi.com/api/episode/34']
559,Gramuflackian Anchorman,['https://rickandmortyapi.com/api/episode/34']
560,Gramuflackian General,['https://rickandmortyapi.com/api/episode/34']
561,Netflix Executive,['https://rickandmortyapi.com/api/episode/34']
562,Balthromaw,['https://rickandmortyapi.com/api/episode/35']
563,The Wizard,['https://rickandmortyapi.com/api/episode/35']
564,Talking Cat,['https://rickandmortyapi.com/api/episode/35']
565,Debrah,['https://rickandmortyapi.com/api/episode/35']
566,Debrahs Partner,['https://rickandmortyapi.com/api/episode/35']
567,Michael,['https://rickandmortyapi.com/api/episode/35']
568,Slut Dragon,['https://rickandmortyapi.com/api/episode/35']
569,Shadow Jacker,['https://rickandmortyapi.com/api/episode/35']
570,Chachi,['https://rickandmortyapi.com/api/episode/35']
571,Slippy,['https://rickandmortyapi.com/api/episode/36']
572,Robot Snake,['https://rickandmortyapi.com/api/episode/36']
573,Snake Hitler,['https://rickandmortyapi.com/api/episode/36']
574,Snake Lincoln,['https://rickandmortyapi.com/api/episode/36']
575,Snake Resistance Robot,['https://rickandmortyapi.com/api/episode/36']
576,Snake Linguist,['https://rickandmortyapi.com/api/episode/36']
577,Snake Terminator,['https://rickandmortyapi.com/api/episode/36']
578,Snake Soldier,['https://rickandmortyapi.com/api/episode/36']
579,Snake with Legs,['https://rickandmortyapi.com/api/episode/36']
580,Secret Service Snake,['https://rickandmortyapi.com/api/episode/36']
581,Anchosnake,['https://rickandmortyapi.com/api/episode/36']
582,Anchosnake,['https://rickandmortyapi.com/api/episode/36']
583,80's snake,['https://rickandmortyapi.com/api/episode/36']
584,Bar Customer,['https://rickandmortyapi.com/api/episode/36']
585,Bartender,['https://rickandmortyapi.com/api/episode/36']
586,PC Basketball Player,['https://rickandmortyapi.com/api/episode/36']
587,Cavesnake,['https://rickandmortyapi.com/api/episode/36']
588,Pet Shop Employee,['https://rickandmortyapi.com/api/episode/36']
589,Snake Reporter,['https://rickandmortyapi.com/api/episode/36']
590,High Pilot,['https://rickandmortyapi.com/api/episode/36']
591,High Pilot,['https://rickandmortyapi.com/api/episode/36']
592,Phoenixperson,"['https://rickandmortyapi.com/api/episode/22', 'https://rickandmortyapi.com/api/episode/41', 'https://rickandmortyapi.com/api/episode/49']"
593,Tickets Please Guy,['https://rickandmortyapi.com/api/episode/37']
594,Floaty Bloody Man,['https://rickandmortyapi.com/api/episode/37']
595,Floaty Non-Gasm Brotherhood Member,['https://rickandmortyapi.com/api/episode/37']
596,Floaty Non-Gasm Brotherhood Member Friend,['https://rickandmortyapi.com/api/episode/37']
597,Abradolf Lincler,['https://rickandmortyapi.com/api/episode/37']
598,Biblesaurus,['https://rickandmortyapi.com/api/episode/37']
599,Birdperson,['https://rickandmortyapi.com/api/episode/37']
600,Cats Fan,['https://rickandmortyapi.com/api/episode/37']
601,Christmas Storyteller,['https://rickandmortyapi.com/api/episode/37']
602,Cookies Guy,['https://rickandmortyapi.com/api/episode/37']
603,Crossy,['https://rickandmortyapi.com/api/episode/37']
604,Female Scorpion,['https://rickandmortyapi.com/api/episode/37']
605,Floaty Bloody Mans Daughter,['https://rickandmortyapi.com/api/episode/37']
606,Goomby,['https://rickandmortyapi.com/api/episode/37']
607,Hairspray Fan,['https://rickandmortyapi.com/api/episode/37']
608,Jesus Christ,['https://rickandmortyapi.com/api/episode/37']
609,Josh,['https://rickandmortyapi.com/api/episode/37']
610,Josh's Sister,['https://rickandmortyapi.com/api/episode/37']
611,Leah,['https://rickandmortyapi.com/api/episode/37']
612,Marcus,['https://rickandmortyapi.com/api/episode/37']
613,Mike Johnson,['https://rickandmortyapi.com/api/episode/37']
614,Mr. Celery & Friends,['https://rickandmortyapi.com/api/episode/37']
615,Musical Fan,['https://rickandmortyapi.com/api/episode/37']
616,Phantom of the Opera Fan,['https://rickandmortyapi.com/api/episode/37']
617,Phoenixperson,['https://rickandmortyapi.com/api/episode/37']
618,Private Smith,['https://rickandmortyapi.com/api/episode/37']
619,Professor Sanchez,['https://rickandmortyapi.com/api/episode/37']
620,Ramamama Lord,['https://rickandmortyapi.com/api/episode/37']
621,Ruth Bader Ginsburg,['https://rickandmortyapi.com/api/episode/37']
622,Sarge,['https://rickandmortyapi.com/api/episode/37']
623,Shrek The Musical Fan,['https://rickandmortyapi.com/api/episode/37']
624,Snuffles,['https://rickandmortyapi.com/api/episode/37']
625,Storylord,['https://rickandmortyapi.com/api/episode/37']
626,Tammy Guetermann,['https://rickandmortyapi.com/api/episode/37']
627,The Concept of Time,['https://rickandmortyapi.com/api/episode/37']
628,Beth Smith,['https://rickandmortyapi.com/api/episode/37']
629,Summer Smith,['https://rickandmortyapi.com/api/episode/37']
630,Morty Smith,['https://rickandmortyapi.com/api/episode/37']
631,Rick Sanchez,['https://rickandmortyapi.com/api/episode/37']
632,Train Cop,['https://rickandmortyapi.com/api/episode/37']
633,Train Cops,['https://rickandmortyapi.com/api/episode/37']
634,Train Cops Instructor,['https://rickandmortyapi.com/api/episode/37']
635,Darth Poopybutthole,['https://rickandmortyapi.com/api/episode/37']
636,Evil Morty,['https://rickandmortyapi.com/api/episode/37']
637,Mortys Disguise,['https://rickandmortyapi.com/api/episode/37']
638,Ricks Disguise,['https://rickandmortyapi.com/api/episode/37']
639,Uncle Nibbles,['https://rickandmortyapi.com/api/episode/37']
640,Angry Glorzo,['https://rickandmortyapi.com/api/episode/38']
641,Bruce,['https://rickandmortyapi.com/api/episode/38']
642,Council of Glorzos Member,['https://rickandmortyapi.com/api/episode/38']
643,Council of Glorzos Member,['https://rickandmortyapi.com/api/episode/38']
644,Old Glorzo,['https://rickandmortyapi.com/api/episode/38']
645,Shane,['https://rickandmortyapi.com/api/episode/38']
646,Steve,['https://rickandmortyapi.com/api/episode/38']
647,Troy,['https://rickandmortyapi.com/api/episode/38']
648,Crystal Dealers Boss,['https://rickandmortyapi.com/api/episode/39']
649,Crystal Dealer,['https://rickandmortyapi.com/api/episode/39']
650,Crystal Dealer,['https://rickandmortyapi.com/api/episode/39']
651,Crystal Dealer,['https://rickandmortyapi.com/api/episode/39']
652,SWAT Officer,['https://rickandmortyapi.com/api/episode/39']
653,Plane Crash Survivor,['https://rickandmortyapi.com/api/episode/39']
654,Plane Crash Survivor,['https://rickandmortyapi.com/api/episode/39']
655,Heroine Keith,['https://rickandmortyapi.com/api/episode/39']
656,Impervious to Acid SWAT Officer,['https://rickandmortyapi.com/api/episode/39']
657,Johnny Carson,['https://rickandmortyapi.com/api/episode/39']
658,Sonia Sotomayor,['https://rickandmortyapi.com/api/episode/39']
659,Mortys Father-in-law,['https://rickandmortyapi.com/api/episode/39']
660,Mortys Mother-in-law,['https://rickandmortyapi.com/api/episode/39']
661,Mortys Girlfriend,['https://rickandmortyapi.com/api/episode/39']
662,Gaia,['https://rickandmortyapi.com/api/episode/40']
663,Reggie,['https://rickandmortyapi.com/api/episode/40']
664,Ticktock,['https://rickandmortyapi.com/api/episode/40']
665,Florflock,['https://rickandmortyapi.com/api/episode/40']
666,Squeeb,['https://rickandmortyapi.com/api/episode/40']
667,Defiance Beth,"['https://rickandmortyapi.com/api/episode/41', 'https://rickandmortyapi.com/api/episode/43']"
668,Defiance Squanchette,['https://rickandmortyapi.com/api/episode/41']
669,Defiance Doctor,['https://rickandmortyapi.com/api/episode/41']
670,New Improved Galactic Federation Guard,['https://rickandmortyapi.com/api/episode/41']
671,New Improved Galactic Federation Guard,['https://rickandmortyapi.com/api/episode/41']
672,Mr. Nimbus,['https://rickandmortyapi.com/api/episode/42']
673,Hoovy,['https://rickandmortyapi.com/api/episode/42']
674,Bova,['https://rickandmortyapi.com/api/episode/42']
675,Japheth,['https://rickandmortyapi.com/api/episode/42']
676,Japheth's Middle Son,['https://rickandmortyapi.com/api/episode/42']
677,Japheth's Eldest Son,['https://rickandmortyapi.com/api/episode/42']
678,Japheth's Youngest Son,['https://rickandmortyapi.com/api/episode/42']
679,Japheth's Grandson,['https://rickandmortyapi.com/api/episode/42']
680,Adam,['https://rickandmortyapi.com/api/episode/42']
681,Adam's Mother,['https://rickandmortyapi.com/api/episode/42']
682,Warlock,['https://rickandmortyapi.com/api/episode/42']
683,Evolved Narnian,['https://rickandmortyapi.com/api/episode/42']
684,Mr. Nimbus Secretary,['https://rickandmortyapi.com/api/episode/42']
685,Evolved Narnian Disguised as Morty,['https://rickandmortyapi.com/api/episode/42']
686,Mr. Nimbus' Squid,['https://rickandmortyapi.com/api/episode/42']
687,Scarecrow Rick,['https://rickandmortyapi.com/api/episode/43']
688,Scarecrow Summer,['https://rickandmortyapi.com/api/episode/43']
689,Scarecrow Jerry,['https://rickandmortyapi.com/api/episode/43']
690,Scarecrow Morty,['https://rickandmortyapi.com/api/episode/43']
691,Scarecrow Beth,['https://rickandmortyapi.com/api/episode/43']
692,Glockenspiel Jerry,['https://rickandmortyapi.com/api/episode/43']
693,Glockenspiel Beth,['https://rickandmortyapi.com/api/episode/43']
694,Glockenspiel Rick,['https://rickandmortyapi.com/api/episode/43']
695,Glockenspiel Summer,['https://rickandmortyapi.com/api/episode/43']
696,Glockenspiel Morty,['https://rickandmortyapi.com/api/episode/43']
697,Wicker Beth,['https://rickandmortyapi.com/api/episode/43']
698,Wicker Rick,['https://rickandmortyapi.com/api/episode/43']
699,Wicker Morty,['https://rickandmortyapi.com/api/episode/43']
700,Wicker Summer,['https://rickandmortyapi.com/api/episode/43']
701,Metal Rick,['https://rickandmortyapi.com/api/episode/43']
702,Gun Brain Rick,['https://rickandmortyapi.com/api/episode/43']
703,Mr. Always Wants to be Hunted,['https://rickandmortyapi.com/api/episode/43']
704,Squid Costume Beth,['https://rickandmortyapi.com/api/episode/43']
705,Squid Costume Jerry,['https://rickandmortyapi.com/api/episode/43']
706,Squid Costume Morty,['https://rickandmortyapi.com/api/episode/43']
707,Squid Costume Rick,['https://rickandmortyapi.com/api/episode/43']
708,Squid Costume Summer,['https://rickandmortyapi.com/api/episode/43']
709,Dracula,['https://rickandmortyapi.com/api/episode/43']
710,Steve,['https://rickandmortyapi.com/api/episode/43']
711,When Wolf,['https://rickandmortyapi.com/api/episode/43']
712,Too Cute to Murder Beth,['https://rickandmortyapi.com/api/episode/43']
713,Too Cute to Murder Rick,['https://rickandmortyapi.com/api/episode/43']
714,Too Cute to Murder Jerry,['https://rickandmortyapi.com/api/episode/43']
715,Too Cute to Murder Morty,['https://rickandmortyapi.com/api/episode/43']
716,Too Cute to Murder Summer,['https://rickandmortyapi.com/api/episode/43']
717,Planetina,['https://rickandmortyapi.com/api/episode/44']
718,Daphne,['https://rickandmortyapi.com/api/episode/44']
719,Diesel Weasel,['https://rickandmortyapi.com/api/episode/44']
720,Eddie,['https://rickandmortyapi.com/api/episode/44']
721,Xing Ho,['https://rickandmortyapi.com/api/episode/44']
722,Air Tina-Teer,['https://rickandmortyapi.com/api/episode/44']
723,Water Tina-Teer,['https://rickandmortyapi.com/api/episode/44']
724,Planetina Buyer,['https://rickandmortyapi.com/api/episode/44']
725,Tony Galopagus,['https://rickandmortyapi.com/api/episode/44']
726,Sticky,['https://rickandmortyapi.com/api/episode/45']
727,Professor Shabooboo,['https://rickandmortyapi.com/api/episode/45']
728,Sperm Queen,['https://rickandmortyapi.com/api/episode/45']
729,CHUD King,['https://rickandmortyapi.com/api/episode/45']
730,Princess Ponietta,['https://rickandmortyapi.com/api/episode/45']
731,Naruto Smith,"['https://rickandmortyapi.com/api/episode/45', 'https://rickandmortyapi.com/api/episode/48']"
732,Blazen,['https://rickandmortyapi.com/api/episode/45']
733,Kathy Ireland,['https://rickandmortyapi.com/api/episode/45']
734,Amazing Johnathan,['https://rickandmortyapi.com/api/episode/45']
735,Foal Sanchez,['https://rickandmortyapi.com/api/episode/45']
736,Spaceman,['https://rickandmortyapi.com/api/episode/45']
737,Cirque du Soleil Zumanity Member,['https://rickandmortyapi.com/api/episode/45']
738,Cirque du Soleil Zumanity Member,['https://rickandmortyapi.com/api/episode/45']
739,Cirque du Soleil Zumanity Member,['https://rickandmortyapi.com/api/episode/45']
740,Cirque du Soleil Zumanity Member,['https://rickandmortyapi.com/api/episode/45']
741,Cirque du Soleil Zumanity Member,['https://rickandmortyapi.com/api/episode/45']
742,Bruce Chutback,['https://rickandmortyapi.com/api/episode/46']
743,Alyson Hannigan,['https://rickandmortyapi.com/api/episode/46']
744,Cenobite,['https://rickandmortyapi.com/api/episode/46']
745,Cenobite,['https://rickandmortyapi.com/api/episode/46']
746,Cenobite,['https://rickandmortyapi.com/api/episode/46']
747,Cenobite,['https://rickandmortyapi.com/api/episode/46']
748,Cenobite,['https://rickandmortyapi.com/api/episode/46']
749,Coat Rack Head,['https://rickandmortyapi.com/api/episode/46']
750,Mousetrap Nipples,['https://rickandmortyapi.com/api/episode/46']
751,Changeformer,['https://rickandmortyapi.com/api/episode/46']
752,Changeformer,['https://rickandmortyapi.com/api/episode/46']
753,Space Cruiser,"['https://rickandmortyapi.com/api/episode/17', 'https://rickandmortyapi.com/api/episode/47']"
754,Coop,['https://rickandmortyapi.com/api/episode/47']
755,Dwayne,['https://rickandmortyapi.com/api/episode/47']
756,Franklin D. Roosevelt,['https://rickandmortyapi.com/api/episode/47']
757,President's General,"['https://rickandmortyapi.com/api/episode/45', 'https://rickandmortyapi.com/api/episode/47']"
758,Giant Assassin Hidden in the Statue of Liberty,['https://rickandmortyapi.com/api/episode/47']
759,Turkey Morty,['https://rickandmortyapi.com/api/episode/47']
760,Turkey Rick,['https://rickandmortyapi.com/api/episode/47']
761,Turkey President Curtis,['https://rickandmortyapi.com/api/episode/47']
762,Martnez,['https://rickandmortyapi.com/api/episode/47']
763,Marvin,['https://rickandmortyapi.com/api/episode/47']
764,Jackey,['https://rickandmortyapi.com/api/episode/47']
765,Native Alien,['https://rickandmortyapi.com/api/episode/47']
766,Pilgrim Alien,['https://rickandmortyapi.com/api/episode/47']
767,President Turkey,['https://rickandmortyapi.com/api/episode/47']
768,Mary-Lou,['https://rickandmortyapi.com/api/episode/47']
769,Big Fat rick,['https://rickandmortyapi.com/api/episode/48']
770,Hothead Rick,['https://rickandmortyapi.com/api/episode/48']
771,Ricardo Montoya,['https://rickandmortyapi.com/api/episode/48']
772,Wrap-it-up Little Rick,['https://rickandmortyapi.com/api/episode/48']
773,Yo-yo Rick,['https://rickandmortyapi.com/api/episode/48']
774,Voiceoverian,['https://rickandmortyapi.com/api/episode/48']
775,Voiceoverian,['https://rickandmortyapi.com/api/episode/48']
776,Gotron Pilot,['https://rickandmortyapi.com/api/episode/48']
777,Gotron Pilot,['https://rickandmortyapi.com/api/episode/48']
778,Gotron Pilot,['https://rickandmortyapi.com/api/episode/48']
779,Young Memory Rick,['https://rickandmortyapi.com/api/episode/49']
780,Memory Tammy,['https://rickandmortyapi.com/api/episode/49']
781,Rick's Garage,['https://rickandmortyapi.com/api/episode/49']
782,Memory Squanchy,['https://rickandmortyapi.com/api/episode/49']
783,Memory Rick,['https://rickandmortyapi.com/api/episode/49']
784,Memory Rick,['https://rickandmortyapi.com/api/episode/49']
785,Memory Geardude,['https://rickandmortyapi.com/api/episode/49']
786,Birdperson & Tammy's Child,['https://rickandmortyapi.com/api/episode/49']
787,Two Crows,"['https://rickandmortyapi.com/api/episode/50', 'https://rickandmortyapi.com/api/episode/51']"
788,Mr. Cookie President,['https://rickandmortyapi.com/api/episode/50']
789,Nick,['https://rickandmortyapi.com/api/episode/50']
790,Harold (Garbage Goober),['https://rickandmortyapi.com/api/episode/50']
791,Harold's Wife,['https://rickandmortyapi.com/api/episode/50']
792,Alien Crow,['https://rickandmortyapi.com/api/episode/50']
793,Alien Crow,['https://rickandmortyapi.com/api/episode/50']
794,Samansky,['https://rickandmortyapi.com/api/episode/48']
795,Palicki,['https://rickandmortyapi.com/api/episode/48']
796,Sarge,['https://rickandmortyapi.com/api/episode/48']
797,Slartivartian,['https://rickandmortyapi.com/api/episode/44']
798,Ferkusian,['https://rickandmortyapi.com/api/episode/44']
799,Morglutzian,['https://rickandmortyapi.com/api/episode/44']
800,Super Turkey,['https://rickandmortyapi.com/api/episode/47']
801,7+7 Years Old Morty,['https://rickandmortyapi.com/api/episode/51']
802,26 Years Old Morty,['https://rickandmortyapi.com/api/episode/51']
803,40 Years Old Morty,['https://rickandmortyapi.com/api/episode/51']
804,Andy,['https://rickandmortyapi.com/api/episode/51']
805,Baby Mouse Skin Morty,['https://rickandmortyapi.com/api/episode/51']
806,Metaphor for Capitalism,['https://rickandmortyapi.com/api/episode/51']
807,Beth Sanchez,['https://rickandmortyapi.com/api/episode/51']
808,Crow Scare,['https://rickandmortyapi.com/api/episode/51']
809,Pussifer,['https://rickandmortyapi.com/api/episode/51']
810,Stan Lee Rick,['https://rickandmortyapi.com/api/episode/51']
811,Re-Build-a-Morty Morty,['https://rickandmortyapi.com/api/episode/51']
812,Deformed Morty,['https://rickandmortyapi.com/api/episode/51']
813,Crow Horse,['https://rickandmortyapi.com/api/episode/51']
814,Bald Rick,['https://rickandmortyapi.com/api/episode/51']
815,Punk Rick,['https://rickandmortyapi.com/api/episode/51']
816,Party Rick,['https://rickandmortyapi.com/api/episode/51']
817,Scar Rick,['https://rickandmortyapi.com/api/episode/51']
818,Long Hair Rick,['https://rickandmortyapi.com/api/episode/51']
819,Redhead Rick,['https://rickandmortyapi.com/api/episode/51']
820,Redhead Morty,['https://rickandmortyapi.com/api/episode/51']
821,Gotron,['https://rickandmortyapi.com/api/episode/48']
822,Young Jerry,['https://rickandmortyapi.com/api/episode/51']
823,Young Beth,['https://rickandmortyapi.com/api/episode/51']
824,Young Beth,['https://rickandmortyapi.com/api/episode/51']
825,Young Jerry,['https://rickandmortyapi.com/api/episode/51']
826,Butter Robot,['https://rickandmortyapi.com/api/episode/9']
